namn,typ,domän
Botkyrka,kommun,botkyrka.se
Danderyd,kommun,danderyd.se
Ekerö,kommun,ekero.se
Haninge,kommun,haninge.se
Huddinge,kommun,huddinge.se
Järfälla,kommun,jarfalla.se
Lidingö,kommun,lidingo.se
Nacka,kommun,nacka.se
Norrtälje,kommun,norrtalje.se
Nykvarn,kommun,nykvarn.se
Nynäshamn,kommun,nynashamn.se
Salem,kommun,salem.se
Sigtuna,kommun,sigtuna.se
Sollentuna,kommun,sollentuna.se
Solna,kommun,solna.se
Stockholm,kommun,stockholm.se
Sundbyberg,kommun,sundbyberg.se
Södertälje,kommun,sodertalje.se
Tyresö,kommun,tyreso.se
Täby,kommun,taby.se
Upplands-Bro,kommun,upplands-bro.se
Upplands Väsby,kommun,upplandsvasby.se
Vallentuna,kommun,vallentuna.se
Vaxholm,kommun,vaxholm.se
Värmdö,kommun,varmdo.se
Österåker,kommun,osteraker.se
Region Stockholm,region,regionstockholm.se
