namn,typ,domän,webb,antal
Kammarkollegiet,myndighet,kammarkollegiet.se,www.kammarkollegiet.se,6
Allmänna reklamationsnämnden,myndighet,arn.se,www.arn.se,1
Statens jordbruksverk,myndighet,jordbruksverket.se,www.jordbruksverket.se,3
Arbetsförmedlingen,myndighet,arbetsformedlingen.se,www.arbetsformedlingen.se,1
Arbetsgivarverket,myndighet,arbetsgivarverket.se,www.arbetsgivarverket.se,1
Arbetsmiljöverket,myndighet,av.se,www.av.se,1
Arvfondsdelegationen,myndighet,arvsfonden.se,www.arvsfonden.se,1
Barnombudsmannen,myndighet,barnombudsmannen.se,www.barnombudsmannen.se,1
Blekinge tekniska högskola,myndighet,bth.se,www.bth.se,1
Bokföringsnämnden,myndighet,bfn.se,www.bfn.se,1
Bolagsverket,myndighet,bolagsverket.se,www.bolagsverket.se,1
Boverket,myndighet,boverket.se,www.boverket.se,1
Brottsförebyggande rådet,myndighet,bra.se,www.bra.se,1
Brottsoffermyndigheten,myndighet,brottsoffermyndigheten.se,www.brottsoffermyndigheten.se,1
Centrala studiestödsnämnden,myndighet,csn.se,www.csn.se,1
Diskrimineringsombudsmannen,myndighet,do.se,www.do.se,1
dom.se (delas av 7 myndigheter),myndighet,dom.se,www.dom.se,7
E-hälsomyndigheten,myndighet,ehalsomyndigheten.se,www.ehalsomyndigheten.se,1
Ekobrottsmyndigheten,myndighet,ekobrottsmyndigheten.se,www.ekobrottsmyndigheten.se,1
Elsäkerhetsverket,myndighet,elsakerhetsverket.se,www.elsakerhetsverket.se,1
Energimarknadsinspektionen,myndighet,ei.se,www.ei.se,1
Etikprövningsmyndigheten,myndighet,etikprovning.se,www.etikprovningsmyndigheten.se,1
Exportkreditnämnden,myndighet,ekn.se,www.ekn.se,1
Fastighetsmäklarinspektionen,myndighet,fmi.se,www.fmi.se,1
Finansinspektionen,myndighet,fi.se,www.fi.se,1
Finanspolitiska rådet,myndighet,fpr.se,www.fpr.se,1
Folke bernadotteakademin,myndighet,fba.se,www.fba.se,1
Folkhälsomyndigheten,myndighet,folkhalsomyndigheten.se,www.folkhalsomyndigheten.se,1
Fondtorgsnämnden,myndighet,ftn.se,www.ftn.se,1
Forskarskattenämnden,myndighet,forskarskattenamnden.se,www.forskarskattenamnden.se,1
"Forskningsrådet f miljö, areella näringar och samhällsbyggande",myndighet,formas.se,www.formas.se,1
"Forskningsrådet för hälsa, arbetsliv och välfärd",myndighet,forte.se,www.forte.se,1
Fortifikationsverket,myndighet,fortifikationsverket.se,www.fortifikationsverket.se,1
Forum för levande historia,myndighet,levandehistoria.se,www.levandehistoria.se,1
Försvarets materielverk,myndighet,fmv.se,www.fmv.se,1
Försvarets radioanstalt,myndighet,fra.se,www.fra.se,1
Försvarshögskolan,myndighet,fhs.se,www.fra.se,1
Försvarsmakten,myndighet,mil.se,www.forsvarsmakten.se,1
Försäkringskassan,myndighet,forsakringskassan.se,www.forsakringskassan.se,1
Gentekniknämnden,myndighet,genteknik.se,www.genteknik.se,1
Gymnastik- och idrottshögskolan (GIH),myndighet,gih.se,www.gih.se,1
Göteborgs universitet,myndighet,gu.se,www.gu.se,1
Harpsundsnämnden,myndighet,harpsund.se,www.harpsund.se,1
Havs- och vattenmyndigheten,myndighet,havochvatten.se,www.havochvatten.se,1
Socialstyrelsen,myndighet,socialstyrelsen.se,www.socialstyrelsen.se,2
Högskolan dalarna,myndighet,du.se,www.du.se,1
Högskolan i borås,myndighet,hb.se,www.hb.se,1
Högskolan i gävle,myndighet,hig.se,www.hig.se,1
Högskolan i halmstad,myndighet,hh.se,www.hh.se,1
Högskolan i skövde,myndighet,his.se,www.his.se,1
Högskolan kristianstad,myndighet,hkr.se,www.hkr.se,1
Högskolan väst,myndighet,hv.se,www.hv.se,1
Högskolans avskiljandenämnd,myndighet,han.se,www.han.se,1
regeringskansliet.se (delas av 3 myndigheter),myndighet,regeringskansliet.se,www.regeringskansliet.se,3
Inspektionen för arbetslöshetsförsäkring,myndighet,iaf.se,www.iaf.se,1
Inspektionen för socialförsäkringen,myndighet,isf.se,www.isf.se,1
Inspektionen för strategiska produkter,myndighet,isp.se,www.isp.se,1
Inspektionen för vård och omsorg,myndighet,ivo.se,www.ivo.se,1
Institutet för arbetsmarknads-och utbildningspolitisk utvärdering,myndighet,ifau.uu.se,www.ifau.se,1
Institutet för mänskliga rättigheter,myndighet,mrinstitutet.se,www.mrinstitutet.se,1
Institutet för rymdfysik,myndighet,irf.se,www.irf.se,1
Institutet för språk och folkminnen,myndighet,isof.se,www.isof.se,1
Integritetsskyddsmyndigheten,myndighet,imy.se,www.imy.se,1
Justitiekanslern,myndighet,jk.se,www.jk.se,1
Jämställdhetsmyndigheten,myndighet,jamstalldhetsmyndigheten.se,www.jamstalldhetsmyndigheten.se,1
Karlstads universitet,myndighet,kau.se,www.kau.se,1
Karolinska institutet,myndighet,ki.se,www.ki.se,1
Kemikalieinspektionen,myndighet,kemi.se,www.kemi.se,1
Klimatpolitiska rådet,myndighet,klimatpolitiskaradet.se,www.klimatpolitiskaradet.se,1
Kommerskollegium,myndighet,kommerskollegium.se,www.kommerskollegium.se,1
Konjunkturinstitutet,myndighet,konj.se,www.konj.se,1
Konkurrensverket,myndighet,kkv.se,www.konkurrensverket.se,1
Konstfack,myndighet,konstfack.se,www.konstfack.se,1
Konstnärsnämnden,myndighet,konstnarsnamnden.se,www.konstnarsnamnden.se,1
Konsumentverket,myndighet,konsumentverket.se,www.konsumentverket.se,1
Kriminalvården,myndighet,kriminalvarden.se,www.kriminalvarden.se,1
Kronofogdemyndigheten,myndighet,kronofogden.se,www.kronofogden.se,1
Kungliga biblioteket,myndighet,kb.se,www.kb.se,1
Kungliga konsthögskolan,myndighet,kkh.se,www.kkh.se,1
Kungliga musikhögskolan,myndighet,kmh.se,www.kmh.se,1
Kungliga tekniska högskolan,myndighet,kth.se,www.kth.se,1
Kustbevakningen,myndighet,kustbevakningen.se,www.kustbevakningen.se,1
Lantmäteriet,myndighet,lm.se,www.lantmateriet.se,1
Linköpings universitet,myndighet,liu.se,www.liu.se,1
Linnéuniversitetet,myndighet,lnu.se,www.lnu.se,1
Livsmedelsverket,myndighet,slv.se,www.livsmedelsverket.se,1
Luleå tekniska universitet,myndighet,ltu.se,www.ltu.se,1
Lunds universitet,myndighet,lu.se,www.lu.se,1
Läkemedelsverket,myndighet,lakemedelsverket.se,www.lakemedelsverket.se,1
lansstyrelsen.se (delas av 21 myndigheter),myndighet,lansstyrelsen.se,www.lansstyrelsen.se,21
Malmö universitet,myndighet,mau.se,www.mau.se,1
Mediemyndigheten,myndighet,mediemyndigheten.se,www.mediemyndigheten.se,1
Medlingsinstitutet,myndighet,mi.se,www.mi.se,1
Migrationsverket,myndighet,migrationsverket.se,www.migrationsverket.se,1
Mittuniversitetet,myndighet,miun.se,www.miun.se,1
Moderna museet,myndighet,modernamuseet.se,www.modernamuseet.se,1
Myndigheten för civilt försvar,myndighet,mcf.se,www.mcf.se,1
Myndigheten för delaktighet,myndighet,mfd.se,www.mfd.se,1
Myndigheten för digital förvaltning,myndighet,digg.se,www.digg.se,1
Myndigheten för familjerätt och föräldraskapsstöd,myndighet,mfof.se,www.mfof.se,1
Myndigheten för kulturanalys,myndighet,kulturanalys.se,www.kulturanalys.se,1
Myndigheten för psykologiskt försvar,myndighet,mpf.se,www.mpf.se,1
Myndigheten för säkerhet och integritetsskydd,myndighet,sakint.se,www.sakint.se,1
Myndigheten för tillgängliga medier,myndighet,mtm.se,www.msb.se,1
Myndigheten för tillväxtpolitiska utvärderingar och analyser,myndighet,tillvaxtanalys.se,www.tillvaxtanalys.se,1
Myndigheten för totalförsvarsanalys,myndighet,mtfa.se,www.mtfa.se,1
Myndigheten för ungdoms-och civilsamhällesfrågor,myndighet,mucf.se,www.mucf.se,1
Myndigheten för vård- och omsorgsanalys,myndighet,vardanalys.se,www.vardanalys.se,1
Myndigheten för yrkeshögskolan,myndighet,myh.se,www.myh.se,1
Mälardalens universitet,myndighet,mdu.se,www.mdu.se,1
Nationalmuseum,myndighet,nationalmuseum.se,www.nationalmuseum.se,1
Naturhistoriska riksmuseet,myndighet,nrm.se,www.nrm.se,1
Naturvårdsverket,myndighet,naturvardsverket.se,www.naturvardsverket.se,1
Nordiska afrikainstitutet,myndighet,nai.uu.se,www.nai.uu.se,1
Nämnden för hemslöjdsfrågor,myndighet,nfh.se,www.nfh.se,1
Nämnden för prövning av oredlighet i forskning,myndighet,npof.se,www.npof.se,1
Nämnden mot Diskriminering,myndighet,namndenmotdiskriminering.se,www.namndenmotdiskriminering.se,1
Oljekrisnämnden,myndighet,oljekrisnamnden.se,www.oljekrisnamnden.se,1
Patent- och registreringsverket,myndighet,prv.se,www.prv.se,1
Patentombudsnämnden,myndighet,patentombudsnamnden.se,www.bolagsverket.se,1
Pensionsmyndigheten,myndighet,pensionsmyndigheten.se,www.pensionsmyndigheten.se,1
Polarforskningssekretariatet,myndighet,polar.se,www.polar.se,1
Polismyndigheten,myndighet,polisen.se,www.polisen.se,1
Post- och telestyrelsen,myndighet,pts.se,www.pts.se,1
Revisorsinspektionen,myndighet,revisorsinspektionen.se,www.revisorsinspektionen.se,1
Riksantikvarieämbetet,myndighet,raa.se,www.raa.se,1
Riksarkivet,myndighet,riksarkivet.se,www.riksarkivet.se,1
Riksgäldskontoret,myndighet,riksgalden.se,www.riksgalden.se,1
Rymdstyrelsen,myndighet,snsa.se,www.rymdstyrelsen.se,1
Rättsmedicinalverket,myndighet,rmv.se,www.rmv.se,1
Sameskolstyrelsen,myndighet,sameskolstyrelsen.se,www.sameskolstyrelsen.se,1
Sametinget,myndighet,sametinget.se,www.sametinget.se,2
Sida,myndighet,sida.se,www.sida.se,1
Skatterättsnämnden,myndighet,skatterattsnamnden.se,www.skatterattsnamnden.se,1
Skatteverket,myndighet,skatteverket.se,www.skatteverket.se,1
Skogsstyrelsen,myndighet,skogsstyrelsen.se,www.skogsstyrelsen.se,1
Skolforskningsinstitutet,myndighet,skolfi.se,www.skolfi.se,1
Skolväsendets överklagandenämnd,myndighet,overklagandenamnden.se,www.overklagandenamnden.se,1
Specialpedagogiska skolmyndigheten,myndighet,spsm.se,www.spsm.se,1
Spelinspektionen,myndighet,spelinspektionen.se,www.spelinspektionen.se,1
Statens beredning för medicinsk och social utvärdering,myndighet,sbu.se,www.sbu.se,1
Statens energimyndighet,myndighet,energimyndigheten.se,www.energimyndigheten.se,1
Statens fastighetsverk,myndighet,sfv.se,www.sfv.se,1
Statens geotekniska institut,myndighet,sgi.se,www.swedgeo.se,1
Statens haverikommission,myndighet,shk.se,www.shk.se,1
Statens historiska museer,myndighet,shm.se,www.shm.se,1
Statens inspektion för försvarsunderrättelseverksamheten (SIUN),myndighet,siun.se,www.siun.se,1
Statens institutionsstyrelse,myndighet,stat-inst.se,www.stat-inst.se,1
Statens kulturråd,myndighet,kulturradet.se,www.kulturradet.se,1
"Statens museer för maritim, transport- och försvarshistoria",myndighet,smtm.se,www.smtm.se,1
Statens museer för världskultur,myndighet,varldskulturmuseerna.se,www.varldskulturmuseerna.se,1
Statens musikverk,myndighet,musikverket.se,www.musikverket.se,1
Statens servicecenter,myndighet,statenssc.se,www.statenssc.se,1
Statens skolinspektion,myndighet,skolinspektionen.se,www.skolinspektionen.se,1
Statens skolverk,myndighet,skolverket.se,www.skolverket.se,1
Statens tjänstepensions- och grupplivnämnd,myndighet,spv.se,www.spv.se,2
Statens veterinärmedicinska anstalt,myndighet,sva.se,www.sva.se,1
Statens väg- och transportforskningsinstitut,myndighet,vti.se,www.vti.se,1
Statistiska centralbyrån,myndighet,scb.se,www.scb.se,1
Statskontoret,myndighet,statskontoret.se,www.statskontoret.se,1
Stockholms konstnärliga högskola,myndighet,uniarts.se,www.uniarts.se,1
Stockholms universitet,myndighet,su.se,www.su.se,1
Strålsäkerhetsmyndigheten,myndighet,ssm.se,www.stralsakerhetsmyndigheten.se,1
Styrelsen för ackreditering och teknisk kontroll,myndighet,swedac.se,www.swedac.se,1
Svenska esf-rådet,myndighet,esf.se,www.esf.se,1
Svenska institutet,myndighet,si.se,www.si.se,1
Svenska institutet för europapolitiska studier,myndighet,sieps.se,www.sieps.se,1
Sveriges författarfond,myndighet,svff.se,www.svff.se,1
Sveriges geologiska undersökning,myndighet,sgu.se,www.sgu.se,1
Sveriges lantbruksuniversitet,myndighet,slu.se,www.slu.se,1
Sveriges meteorologiska och hydrologiska institut,myndighet,smhi.se,www.smhi.se,1
Säkerhetspolisen,myndighet,sakerhetspolisen.se,www.sakerhetspolisen.se,1
Södertörns högskola,myndighet,sh.se,www.sh.se,1
"Tandvårds-och läkemedelsförmånsverket, TLV",myndighet,tlv.se,www.tlv.se,1
Tillväxtverket,myndighet,tillvaxtverket.se,www.tillvaxtverket.se,1
"Totalförsvarets forskningsinstitut, foi",myndighet,foi.se,www.foi.se,1
Totalförsvarets plikt- och prövningsverk,myndighet,pliktverket.se,www.rekryteringsmyndigheten.se,1
Trafikanalys,myndighet,trafa.se,www.trafa.se,1
Trafikverket,myndighet,trafikverket.se,www.trafikverket.se,1
Transportstyrelsen,myndighet,transportstyrelsen.se,www.transportstyrelsen.se,1
Tullverket,myndighet,tullverket.se,www.tullverket.se,1
Umeå universitet,myndighet,umu.se,www.umu.se,1
Universitets- och högskolerådet,myndighet,uhr.se,www.uhr.se,1
Universitetskanslersämbetet,myndighet,uka.se,www.uka.se,1
Upphandlingsmyndigheten,myndighet,uhmynd.se,www.upphandlingsmyndigheten.se,1
Uppsala universitet,myndighet,uu.se,www.uu.se,1
Utbetalningsmyndigheten,myndighet,ubm.se,www.ubm.se,1
Valmyndigheten,myndighet,val.se,www.val.se,1
Verket för innovationssystem,myndighet,vinnova.se,www.vinnova.se,1
Vetenskapsrådet,myndighet,vr.se,www.vr.se,1
Åklagarmyndigheten,myndighet,aklagare.se,www.aklagare.se,1
Örebro universitet,myndighet,oru.se,www.oru.se,1
Överklagandenämnden för etikprövning,myndighet,onep.se,www.onep.se,1
Överklagandenämnden för högskolan,myndighet,onh.se,www.onh.se,1
Överklagandenämnden för studiestöd,myndighet,oks.se,www.oks.se,1
riksdagen.se (delas av 2 myndigheter),myndighet,riksdagen.se,www.riksdagen.se,2
Riksdagens ombudsmän,myndighet,jo.se,www.jo.se,1
Riksrevisionen,myndighet,riksrevisionen.se,www.riksrevisionen.se,1
Sveriges riksbank,myndighet,riksbank.se,www.riksbank.se,1
Luftfartsverket,myndighet,lfv.se,www.lfv.se,1
Sjöfartsverket,myndighet,sjofartsverket.se,www.sjofartsverket.se,1
Svenska kraftnät,myndighet,svk.se,www.svk.se,1
