orgnr,namn,typ,domän,webb,värd
202100-5943,Alkoholsortimentsnämnden,förvaltningsmyndighet,kammarkollegiet.se,www.kammarkollegiet.se/alkoholsortimentsnamnden,Kammarkollegiet
202100-3625,Allmänna reklamationsnämnden,förvaltningsmyndighet,arn.se,www.arn.se,
202100-6834,Ansvarsnämnden för djurens hälso- och sjukvård,förvaltningsmyndighet,jordbruksverket.se,www.vetansvar.se,Statens jordbruksverk
202100-2114,Arbetsförmedlingen,förvaltningsmyndighet,arbetsformedlingen.se,www.arbetsformedlingen.se,
202100-3476,Arbetsgivarverket,förvaltningsmyndighet,arbetsgivarverket.se,www.arbetsgivarverket.se,
202100-2148,Arbetsmiljöverket,förvaltningsmyndighet,av.se,www.av.se,
202100-5950,Arvfondsdelegationen,förvaltningsmyndighet,arvsfonden.se,www.arvsfonden.se,
202100-3690,Barnombudsmannen,förvaltningsmyndighet,barnombudsmannen.se,www.barnombudsmannen.se,
202100-4011,Blekinge tekniska högskola,förvaltningsmyndighet,bth.se,www.bth.se,
202100-3278,Bokföringsnämnden,förvaltningsmyndighet,bfn.se,www.bfn.se,
202100-5489,Bolagsverket,förvaltningsmyndighet,bolagsverket.se,www.bolagsverket.se,
202100-3989,Boverket,förvaltningsmyndighet,boverket.se,www.boverket.se,
202100-0068,Brottsförebyggande rådet,förvaltningsmyndighet,bra.se,www.bra.se,
202100-3435,Brottsoffermyndigheten,förvaltningsmyndighet,brottsoffermyndigheten.se,www.brottsoffermyndigheten.se,
202100-6909,Centrala djurförsöksetiska nämnden,förvaltningsmyndighet,jordbruksverket.se,www.cdfn.se,Statens jordbruksverk
202100-1819,Centrala studiestödsnämnden,förvaltningsmyndighet,csn.se,www.csn.se,
202100-6842,Delegationen för folkrättslig granskning av vapenprojekt,förvaltningsmyndighet,,,delad domän
202100-6073,Diskrimineringsombudsmannen,förvaltningsmyndighet,do.se,www.do.se,
202100-6081,Domarnämnden,förvaltningsmyndighet,dom.se,www.domstol.se/domarnamnden,delad domän
202100-6552,E-hälsomyndigheten,förvaltningsmyndighet,ehalsomyndigheten.se,www.ehalsomyndigheten.se,
202100-4979,Ekobrottsmyndigheten,förvaltningsmyndighet,ekobrottsmyndigheten.se,www.ekobrottsmyndigheten.se,
202100-4466,Elsäkerhetsverket,förvaltningsmyndighet,elsakerhetsverket.se,www.elsakerhetsverket.se,
202100-5695,Energimarknadsinspektionen,förvaltningsmyndighet,ei.se,www.ei.se,
202100-6925,Etikprövningsmyndigheten,förvaltningsmyndighet,etikprovning.se,www.etikprovningsmyndigheten.se,
202100-2098,Exportkreditnämnden,förvaltningsmyndighet,ekn.se,www.ekn.se,
202100-4870,Fastighetsmäklarinspektionen,förvaltningsmyndighet,fmi.se,www.fmi.se,
202100-0043,Fideikommissnämnden,förvaltningsmyndighet,kammarkollegiet.se,www.kammarkollegiet.se/om-oss/kammarkollegiets-uppgifter/kammarkollegiets-stod-till-andra-myndigheter/fideikommissnamnden,Kammarkollegiet
202100-4235,Finansinspektionen,förvaltningsmyndighet,fi.se,www.fi.se,
202100-5687,Finanspolitiska rådet,förvaltningsmyndighet,fpr.se,www.fpr.se,
202100-5380,Folke bernadotteakademin,förvaltningsmyndighet,fba.se,www.fba.se,
202100-6545,Folkhälsomyndigheten,förvaltningsmyndighet,folkhalsomyndigheten.se,www.folkhalsomyndigheten.se,
202100-7030,Fondtorgsnämnden,förvaltningsmyndighet,ftn.se,www.ftn.se,
202100-5893,Forskarskattenämnden,förvaltningsmyndighet,forskarskattenamnden.se,www.forskarskattenamnden.se,
202100-5232,"Forskningsrådet f miljö, areella näringar och samhällsbyggande",förvaltningsmyndighet,formas.se,www.formas.se,
202100-5240,"Forskningsrådet för hälsa, arbetsliv och välfärd",förvaltningsmyndighet,forte.se,www.forte.se,
202100-4607,Fortifikationsverket,förvaltningsmyndighet,fortifikationsverket.se,www.fortifikationsverket.se,
202100-5356,Forum för levande historia,förvaltningsmyndighet,levandehistoria.se,www.levandehistoria.se,
202100-0340,Försvarets materielverk,förvaltningsmyndighet,fmv.se,www.fmv.se,
202100-0365,Försvarets radioanstalt,förvaltningsmyndighet,fra.se,www.fra.se,
202100-4730,Försvarshögskolan,förvaltningsmyndighet,fhs.se,www.fra.se,
202100-4615,Försvarsmakten,förvaltningsmyndighet,mil.se,www.forsvarsmakten.se,
202100-5521,Försäkringskassan,förvaltningsmyndighet,forsakringskassan.se,www.forsakringskassan.se,
202100-4813,Gentekniknämnden,förvaltningsmyndighet,genteknik.se,www.genteknik.se,
202100-6859,Granskningsnämnden för försvarsuppfinningar,förvaltningsmyndighet,,,delad domän
202100-4334,Gymnastik- och idrottshögskolan (GIH),förvaltningsmyndighet,gih.se,www.gih.se,
202100-3153,Göteborgs universitet,förvaltningsmyndighet,gu.se,www.gu.se,
202100-4250,Harpsundsnämnden,förvaltningsmyndighet,harpsund.se,www.harpsund.se,
202100-6420,Havs- och vattenmyndigheten,förvaltningsmyndighet,havochvatten.se,www.havochvatten.se,
202100-3765,Hälso- & sjukvårdens ansvarsnämnd,förvaltningsmyndighet,socialstyrelsen.se,www.hsan.se,Socialstyrelsen
202100-2908,Högskolan dalarna,förvaltningsmyndighet,du.se,www.du.se,
202100-3138,Högskolan i borås,förvaltningsmyndighet,hb.se,www.hb.se,
202100-2890,Högskolan i gävle,förvaltningsmyndighet,hig.se,www.hig.se,
202100-3203,Högskolan i halmstad,förvaltningsmyndighet,hh.se,www.hh.se,
202100-3146,Högskolan i skövde,förvaltningsmyndighet,his.se,www.his.se,
202100-3195,Högskolan kristianstad,förvaltningsmyndighet,hkr.se,www.hkr.se,
202100-4052,Högskolan väst,förvaltningsmyndighet,hv.se,www.hv.se,
202100-6867,Högskolans avskiljandenämnd,förvaltningsmyndighet,han.se,www.han.se,
202100-5877,Ilo-kommittén,förvaltningsmyndighet,regeringskansliet.se,www.svenskailo-kommitten.se,delad domän
202100-5414,Inspektionen för arbetslöshetsförsäkring,förvaltningsmyndighet,iaf.se,www.iaf.se,
202100-6248,Inspektionen för socialförsäkringen,förvaltningsmyndighet,isf.se,www.isf.se,
202100-4912,Inspektionen för strategiska produkter,förvaltningsmyndighet,isp.se,www.isp.se,
202100-6537,Inspektionen för vård och omsorg,förvaltningsmyndighet,ivo.se,www.ivo.se,
202100-4946,Institutet för arbetsmarknads-och utbildningspolitisk utvärdering,förvaltningsmyndighet,ifau.uu.se,www.ifau.se,
202100-7022,Institutet för mänskliga rättigheter,förvaltningsmyndighet,mrinstitutet.se,www.mrinstitutet.se,
202100-3567,Institutet för rymdfysik,förvaltningsmyndighet,irf.se,www.irf.se,
202100-1082,Institutet för språk och folkminnen,förvaltningsmyndighet,isof.se,www.isof.se,
202100-0050,Integritetsskyddsmyndigheten,förvaltningsmyndighet,imy.se,www.imy.se,
202100-0035,Justitiekanslern,förvaltningsmyndighet,jk.se,www.jk.se,
202100-6693,Jämställdhetsmyndigheten,förvaltningsmyndighet,jamstalldhetsmyndigheten.se,www.jamstalldhetsmyndigheten.se,
202100-0829,Kammarkollegiet,förvaltningsmyndighet,kammarkollegiet.se,www.kammarkollegiet.se,
202100-3120,Karlstads universitet,förvaltningsmyndighet,kau.se,www.kau.se,
202100-2973,Karolinska institutet,förvaltningsmyndighet,ki.se,www.ki.se,
202100-3880,Kemikalieinspektionen,förvaltningsmyndighet,kemi.se,www.kemi.se,
202100-6719,Klimatpolitiska rådet,förvaltningsmyndighet,klimatpolitiskaradet.se,www.klimatpolitiskaradet.se,
202100-2007,Kommerskollegium,förvaltningsmyndighet,kommerskollegium.se,www.kommerskollegium.se,
202100-0845,Konjunkturinstitutet,förvaltningsmyndighet,konj.se,www.konj.se,
202100-4342,Konkurrensverket,förvaltningsmyndighet,kkv.se,www.konkurrensverket.se,
202100-1199,Konstfack,förvaltningsmyndighet,konstfack.se,www.konstfack.se,
202100-3252,Konstnärsnämnden,förvaltningsmyndighet,konstnarsnamnden.se,www.konstnarsnamnden.se,
202100-2064,Konsumentverket,förvaltningsmyndighet,konsumentverket.se,www.konsumentverket.se,
202100-5810,Krigsförsäkringsnämnden,förvaltningsmyndighet,,,delad domän
202100-0225,Kriminalvården,förvaltningsmyndighet,kriminalvarden.se,www.kriminalvarden.se,
202100-5646,Kronofogdemyndigheten,förvaltningsmyndighet,kronofogden.se,www.kronofogden.se,
202100-1710,Kungliga biblioteket,förvaltningsmyndighet,kb.se,www.kb.se,
202100-2957,Kungliga konsthögskolan,förvaltningsmyndighet,kkh.se,www.kkh.se,
202100-1215,Kungliga musikhögskolan,förvaltningsmyndighet,kmh.se,www.kmh.se,
202100-3054,Kungliga tekniska högskolan,förvaltningsmyndighet,kth.se,www.kth.se,
202100-3997,Kustbevakningen,förvaltningsmyndighet,kustbevakningen.se,www.kustbevakningen.se,
202100-4904,Kärnavfallsfonden,förvaltningsmyndighet,kammarkollegiet.se,www.karnavfallsfonden.se,Kammarkollegiet
202100-5315,Lagrådet,förvaltningsmyndighet,dom.se,www.lagradet.se,delad domän
202100-4888,Lantmäteriet,förvaltningsmyndighet,lm.se,www.lantmateriet.se,
202100-3096,Linköpings universitet,förvaltningsmyndighet,liu.se,www.liu.se,
202100-6271,Linnéuniversitetet,förvaltningsmyndighet,lnu.se,www.lnu.se,
202100-1850,Livsmedelsverket,förvaltningsmyndighet,slv.se,www.livsmedelsverket.se,
202100-6735,Lokala säkerhetsnämnden vid Forsmark,förvaltningsmyndighet,,,delad domän
202100-6743,Lokala säkerhetsnämnden vid Oskarshamn,förvaltningsmyndighet,,,delad domän
202100-6750,Lokala säkerhetsnämnden vid Ringhals,förvaltningsmyndighet,,,delad domän
202100-2841,Luleå tekniska universitet,förvaltningsmyndighet,ltu.se,www.ltu.se,
202100-3211,Lunds universitet,förvaltningsmyndighet,lu.se,www.lu.se,
202100-4078,Läkemedelsverket,förvaltningsmyndighet,lakemedelsverket.se,www.lakemedelsverket.se,
202100-2320,Länsstyrelsen i blekinge län,förvaltningsmyndighet,lansstyrelsen.se,www.lansstyrelsen.se/blekinge,delad domän
202100-2429,Länsstyrelsen i dalarnas län,förvaltningsmyndighet,lansstyrelsen.se,www.lansstyrelsen.se/dalarna,delad domän
202100-2312,Länsstyrelsen i gotlands län,förvaltningsmyndighet,lansstyrelsen.se,www.lansstyrelsen.se/gotland,delad domän
202100-2437,Länsstyrelsen i gävleborgs län,förvaltningsmyndighet,lansstyrelsen.se,www.lansstyrelsen.se/gavleborg,delad domän
202100-2353,Länsstyrelsen i hallands län,förvaltningsmyndighet,lansstyrelsen.se,www.lansstyrelsen.se/halland,delad domän
202100-2452,Länsstyrelsen i jämtlands län,förvaltningsmyndighet,lansstyrelsen.se,www.lansstyrelsen.se/jamtland,delad domän
202100-2288,Länsstyrelsen i jönköpings län,förvaltningsmyndighet,lansstyrelsen.se,www.lansstyrelsen.se/jonkoping,delad domän
202100-2304,Länsstyrelsen i kalmar län,förvaltningsmyndighet,lansstyrelsen.se,www.lansstyrelsen.se/kalmar,delad domän
202100-2296,Länsstyrelsen i kronobergs län,förvaltningsmyndighet,lansstyrelsen.se,www.lansstyrelsen.se/kronoberg,delad domän
202100-2478,Länsstyrelsen i norrbottens län,förvaltningsmyndighet,lansstyrelsen.se,www.lansstyrelsen.se/norrbotten,delad domän
202100-2346,Länsstyrelsen i skåne län,förvaltningsmyndighet,lansstyrelsen.se,www.lansstyrelsen.se/skane,delad domän
202100-2247,Länsstyrelsen i stockholms län,förvaltningsmyndighet,lansstyrelsen.se,www.lansstyrelsen.se/stockholm,delad domän
202100-2262,Länsstyrelsen i södermanlands län,förvaltningsmyndighet,lansstyrelsen.se,www.lansstyrelsen.se/sodermanland,delad domän
202100-2254,Länsstyrelsen i uppsala län,förvaltningsmyndighet,lansstyrelsen.se,www.lansstyrelsen.se/uppsala,delad domän
202100-2395,Länsstyrelsen i värmlands län,förvaltningsmyndighet,lansstyrelsen.se,www.lansstyrelsen.se/varmland,delad domän
202100-2460,Länsstyrelsen i västerbottens län,förvaltningsmyndighet,lansstyrelsen.se,www.lansstyrelsen.se/vasterbotten,delad domän
202100-2445,Länsstyrelsen i västernorrlands län,förvaltningsmyndighet,lansstyrelsen.se,www.lansstyrelsen.se/vasternorrland,delad domän
202100-2411,Länsstyrelsen i västmanlands län,förvaltningsmyndighet,lansstyrelsen.se,www.lansstyrelsen.se/vastmanland,delad domän
202100-2361,Länsstyrelsen i västra götalands län,förvaltningsmyndighet,lansstyrelsen.se,www.lansstyrelsen.se/vastragotaland,delad domän
202100-2403,Länsstyrelsen i örebro län,förvaltningsmyndighet,lansstyrelsen.se,www.lansstyrelsen.se/orebro,delad domän
202100-2270,Länsstyrelsen i östergötlands län,förvaltningsmyndighet,lansstyrelsen.se,www.lansstyrelsen.se/ostergotland,delad domän
202100-4920,Malmö universitet,förvaltningsmyndighet,mau.se,www.mau.se,
202100-6347,Mediemyndigheten,förvaltningsmyndighet,mediemyndigheten.se,www.mediemyndigheten.se,
202100-5174,Medlingsinstitutet,förvaltningsmyndighet,mi.se,www.mi.se,
202100-2163,Migrationsverket,förvaltningsmyndighet,migrationsverket.se,www.migrationsverket.se,
202100-4524,Mittuniversitetet,förvaltningsmyndighet,miun.se,www.miun.se,
202100-5091,Moderna museet,förvaltningsmyndighet,modernamuseet.se,www.modernamuseet.se,
202100-5984,Myndigheten för civilt försvar,förvaltningsmyndighet,mcf.se,www.mcf.se,
202100-5588,Myndigheten för delaktighet,förvaltningsmyndighet,mfd.se,www.mfd.se,
202100-6883,Myndigheten för digital förvaltning,förvaltningsmyndighet,digg.se,www.digg.se,
202100-4169,Myndigheten för familjerätt och föräldraskapsstöd,förvaltningsmyndighet,mfof.se,www.mfof.se,
202100-6404,Myndigheten för kulturanalys,förvaltningsmyndighet,kulturanalys.se,www.kulturanalys.se,
202100-7014,Myndigheten för psykologiskt försvar,förvaltningsmyndighet,mpf.se,www.mpf.se,
202100-5703,Myndigheten för säkerhet och integritetsskydd,förvaltningsmyndighet,sakint.se,www.sakint.se,
202100-3591,Myndigheten för tillgängliga medier,förvaltningsmyndighet,mtm.se,www.msb.se,
202100-6164,Myndigheten för tillväxtpolitiska utvärderingar och analyser,förvaltningsmyndighet,tillvaxtanalys.se,www.tillvaxtanalys.se,
202100-7055,Myndigheten för totalförsvarsanalys,förvaltningsmyndighet,mtfa.se,www.mtfa.se,
202100-1173,Myndigheten för ungdoms-och civilsamhällesfrågor,förvaltningsmyndighet,mucf.se,www.mucf.se,
202100-6412,Myndigheten för vård- och omsorgsanalys,förvaltningsmyndighet,vardanalys.se,www.vardanalys.se,
202100-6230,Myndigheten för yrkeshögskolan,förvaltningsmyndighet,myh.se,www.myh.se,
202100-2916,Mälardalens universitet,förvaltningsmyndighet,mdu.se,www.mdu.se,
202100-1108,Nationalmuseum,förvaltningsmyndighet,nationalmuseum.se,www.nationalmuseum.se,
202100-1124,Naturhistoriska riksmuseet,förvaltningsmyndighet,nrm.se,www.nrm.se,
202100-1975,Naturvårdsverket,förvaltningsmyndighet,naturvardsverket.se,www.naturvardsverket.se,
202100-2726,Nordiska afrikainstitutet,förvaltningsmyndighet,nai.uu.se,www.nai.uu.se,
202100-6032,Notarienämnden,förvaltningsmyndighet,dom.se,www.domstol.se/notarienamnden,delad domän
202100-4144,Nämnden för hemslöjdsfrågor,förvaltningsmyndighet,nfh.se,www.nfh.se,
202100-6933,Nämnden för prövning av oredlighet i forskning,förvaltningsmyndighet,npof.se,www.npof.se,
202100-5786,Nämnden för styrelserepresentationsfrågor,förvaltningsmyndighet,,,delad domän
202100-6206,Nämnden mot Diskriminering,förvaltningsmyndighet,namndenmotdiskriminering.se,www.namndenmotdiskriminering.se,
202100-6776,Oljekrisnämnden,förvaltningsmyndighet,oljekrisnamnden.se,www.oljekrisnamnden.se,
202100-2072,Patent- och registreringsverket,förvaltningsmyndighet,prv.se,www.prv.se,
202100-6370,Patentombudsnämnden,förvaltningsmyndighet,patentombudsnamnden.se,www.bolagsverket.se/om/oss/fler/patentombud,
202100-6255,Pensionsmyndigheten,förvaltningsmyndighet,pensionsmyndigheten.se,www.pensionsmyndigheten.se,
202100-4060,Polarforskningssekretariatet,förvaltningsmyndighet,polar.se,www.polar.se,
202100-0076,Polismyndigheten,förvaltningsmyndighet,polisen.se,www.polisen.se,
202100-4359,Post- och telestyrelsen,förvaltningsmyndighet,pts.se,www.pts.se,
202100-3831,Regeringskansliet,förvaltningsmyndighet,regeringskansliet.se,www.regeringen.se,delad domän
202100-4805,Revisorsinspektionen,förvaltningsmyndighet,revisorsinspektionen.se,www.revisorsinspektionen.se,
202100-1090,Riksantikvarieämbetet,förvaltningsmyndighet,raa.se,www.raa.se,
202100-1074,Riksarkivet,förvaltningsmyndighet,riksarkivet.se,www.riksarkivet.se,
202100-2635,Riksgäldskontoret,förvaltningsmyndighet,riksgalden.se,www.riksgalden.se,
202100-6784,Riksvärderingsnämnden,förvaltningsmyndighet,,,delad domän
202100-2585,Rymdstyrelsen,förvaltningsmyndighet,snsa.se,www.rymdstyrelsen.se,
202100-6008,Rättshjälpnämnden,förvaltningsmyndighet,dom.se,www.domstol.se/rattshjalpsnamnden,delad domän
202100-6016,Rättshjälpsmyndigheten,förvaltningsmyndighet,dom.se,www.rattshjalp.se,delad domän
202100-4227,Rättsmedicinalverket,förvaltningsmyndighet,rmv.se,www.rmv.se,
202100-4631,Sameskolstyrelsen,förvaltningsmyndighet,sameskolstyrelsen.se,www.sameskolstyrelsen.se,
202100-4573,Sametinget,förvaltningsmyndighet,sametinget.se,www.sametinget.se,
202100-4789,Sida,förvaltningsmyndighet,sida.se,www.sida.se,
202100-5901,Skatterättsnämnden,förvaltningsmyndighet,skatterattsnamnden.se,www.skatterattsnamnden.se,
202100-5448,Skatteverket,förvaltningsmyndighet,skatteverket.se,www.skatteverket.se,
202100-5869,Skiljenämnden i vissa trygghetsfrågor,förvaltningsmyndighet,kammarkollegiet.se,,Kammarkollegiet
202100-5612,Skogsstyrelsen,förvaltningsmyndighet,skogsstyrelsen.se,www.skogsstyrelsen.se,
202100-6602,Skolforskningsinstitutet,förvaltningsmyndighet,skolfi.se,www.skolfi.se,
202100-5729,Skolväsendets överklagandenämnd,förvaltningsmyndighet,overklagandenamnden.se,www.overklagandenamnden.se,
202100-0555,Socialstyrelsen,förvaltningsmyndighet,socialstyrelsen.se,www.socialstyrelsen.se,
202100-5745,Specialpedagogiska skolmyndigheten,förvaltningsmyndighet,spsm.se,www.spsm.se,
202100-3310,Spelinspektionen,förvaltningsmyndighet,spelinspektionen.se,www.spelinspektionen.se,
202100-5836,Statens ansvarsnämnd,förvaltningsmyndighet,dom.se,www.statensansvarsnamnd.se,delad domän
202100-4417,Statens beredning för medicinsk och social utvärdering,förvaltningsmyndighet,sbu.se,www.sbu.se,
202100-5000,Statens energimyndighet,förvaltningsmyndighet,energimyndigheten.se,www.energimyndigheten.se,
202100-4474,Statens fastighetsverk,förvaltningsmyndighet,sfv.se,www.sfv.se,
202100-0712,Statens geotekniska institut,förvaltningsmyndighet,sgi.se,www.swedgeo.se,
202100-3260,Statens haverikommission,förvaltningsmyndighet,shk.se,www.shk.se,
202100-4953,Statens historiska museer,förvaltningsmyndighet,shm.se,www.shm.se,
202100-6214,Statens inspektion för försvarsunderrättelseverksamheten (SIUN),förvaltningsmyndighet,siun.se,www.siun.se,
202100-4508,Statens institutionsstyrelse,förvaltningsmyndighet,stat-inst.se,www.stat-inst.se,
202100-4151,Statens jordbruksverk,förvaltningsmyndighet,jordbruksverket.se,www.jordbruksverket.se,
202100-1280,Statens kulturråd,förvaltningsmyndighet,kulturradet.se,www.kulturradet.se,
202100-1132,"Statens museer för maritim, transport- och försvarshistoria",förvaltningsmyndighet,smtm.se,www.smtm.se,
202100-5075,Statens museer för världskultur,förvaltningsmyndighet,varldskulturmuseerna.se,www.varldskulturmuseerna.se,
202100-3666,Statens musikverk,förvaltningsmyndighet,musikverket.se,www.musikverket.se,
202100-5778,Statens nämnd för arbetstagares uppfinningar,förvaltningsmyndighet,,,delad domän
202100-6453,Statens servicecenter,förvaltningsmyndighet,statenssc.se,www.statenssc.se,
202100-5828,Statens skaderegleringsnämnd,förvaltningsmyndighet,,,delad domän
202100-6065,Statens skolinspektion,förvaltningsmyndighet,skolinspektionen.se,www.skolinspektionen.se,
202100-4185,Statens skolverk,förvaltningsmyndighet,skolverket.se,www.skolverket.se,
202100-5851,Statens tjänstepensions- och grupplivnämnd,förvaltningsmyndighet,spv.se,www.spv.se,
202100-0928,Statens tjänstepensionsverk,förvaltningsmyndighet,spv.se,www.spv.se/privatperson/statlig-tjanstepension,Statens tjänstepensions- och grupplivnämnd
202100-1868,Statens veterinärmedicinska anstalt,förvaltningsmyndighet,sva.se,www.sva.se,
202100-0704,Statens väg- och transportforskningsinstitut,förvaltningsmyndighet,vti.se,www.vti.se,
202100-4763,Statens överklagandenämnd,förvaltningsmyndighet,kammarkollegiet.se,,Kammarkollegiet
202100-0837,Statistiska centralbyrån,förvaltningsmyndighet,scb.se,www.scb.se,
202100-5026,Statskontoret,förvaltningsmyndighet,statskontoret.se,www.statskontoret.se,
202100-6560,Stockholms konstnärliga högskola,förvaltningsmyndighet,uniarts.se,www.uniarts.se,
202100-3062,Stockholms universitet,förvaltningsmyndighet,su.se,www.su.se,
202100-5737,Strålsäkerhetsmyndigheten,förvaltningsmyndighet,ssm.se,www.stralsakerhetsmyndigheten.se,
202100-3815,Styrelsen för ackreditering och teknisk kontroll,förvaltningsmyndighet,swedac.se,www.swedac.se,
202100-6800,Styrelsen För Samefonden,förvaltningsmyndighet,sametinget.se,,Sametinget
202100-5224,Svenska esf-rådet,förvaltningsmyndighet,esf.se,www.esf.se,
202100-6818,Svenska FAO-kommittén,förvaltningsmyndighet,regeringskansliet.se,www.svenskafaokommitten.se,delad domän
202100-4961,Svenska institutet,förvaltningsmyndighet,si.se,www.si.se,
202100-5331,Svenska institutet för europapolitiska studier,förvaltningsmyndighet,sieps.se,www.sieps.se,
202100-3583,Sveriges författarfond,förvaltningsmyndighet,svff.se,www.svff.se,
202100-2528,Sveriges geologiska undersökning,förvaltningsmyndighet,sgu.se,www.sgu.se,
202100-2817,Sveriges lantbruksuniversitet,förvaltningsmyndighet,slu.se,www.slu.se,
202100-0696,Sveriges meteorologiska och hydrologiska institut,förvaltningsmyndighet,smhi.se,www.smhi.se,
202100-6594,Säkerhetspolisen,förvaltningsmyndighet,sakerhetspolisen.se,www.sakerhetspolisen.se,
202100-4896,Södertörns högskola,förvaltningsmyndighet,sh.se,www.sh.se,
202100-5364,"Tandvårds-och läkemedelsförmånsverket, TLV",förvaltningsmyndighet,tlv.se,www.tlv.se,
202100-6149,Tillväxtverket,förvaltningsmyndighet,tillvaxtverket.se,www.tillvaxtverket.se,
202100-5182,"Totalförsvarets forskningsinstitut, foi",förvaltningsmyndighet,foi.se,www.foi.se,
202100-4771,Totalförsvarets plikt- och prövningsverk,förvaltningsmyndighet,pliktverket.se,www.rekryteringsmyndigheten.se,
202100-6305,Trafikanalys,förvaltningsmyndighet,trafa.se,www.trafa.se,
202100-6297,Trafikverket,förvaltningsmyndighet,trafikverket.se,www.trafikverket.se,
202100-6099,Transportstyrelsen,förvaltningsmyndighet,transportstyrelsen.se,www.transportstyrelsen.se,
202100-0969,Tullverket,förvaltningsmyndighet,tullverket.se,www.tullverket.se,
202100-2874,Umeå universitet,förvaltningsmyndighet,umu.se,www.umu.se,
202100-6487,Universitets- och högskolerådet,förvaltningsmyndighet,uhr.se,www.uhr.se,
202100-6495,Universitetskanslersämbetet,förvaltningsmyndighet,uka.se,www.uka.se,
202100-6610,Upphandlingsmyndigheten,förvaltningsmyndighet,uhmynd.se,www.upphandlingsmyndigheten.se,
202100-2932,Uppsala universitet,förvaltningsmyndighet,uu.se,www.uu.se,
202100-7071,Utbetalningsmyndigheten,förvaltningsmyndighet,ubm.se,www.ubm.se,
202100-6826,Utrikesförvaltningens antagningsnämnd,förvaltningsmyndighet,,,delad domän
202100-5281,Valmyndigheten,förvaltningsmyndighet,val.se,www.val.se,
202100-5216,Verket för innovationssystem,förvaltningsmyndighet,vinnova.se,www.vinnova.se,
202100-5208,Vetenskapsrådet,förvaltningsmyndighet,vr.se,www.vr.se,
202100-0084,Åklagarmyndigheten,förvaltningsmyndighet,aklagare.se,www.aklagare.se,
202100-2924,Örebro universitet,förvaltningsmyndighet,oru.se,www.oru.se,
202100-5463,Överklagandenämnden för etikprövning,förvaltningsmyndighet,onep.se,www.onep.se,
202100-4375,Överklagandenämnden för högskolan,förvaltningsmyndighet,onh.se,www.onh.se,
202100-6024,Överklagandenämnden för nämndemannauppdrag,förvaltningsmyndighet,dom.se,www.domstol.se/overklagandenamnden-for-namndemannauppdrag,delad domän
202100-5273,Överklagandenämnden för studiestöd,förvaltningsmyndighet,oks.se,www.oks.se,
202100-6461,Riksdagens arvodesnämnd,myndighet under riksdagen,riksdagen.se,www.riksdagen.se/sv/sa-funkar-riksdagen/riksdagens-myndigheter-och-namnder/riksdagens-arvodesnamnd,delad domän
202100-2650,Riksdagens ombudsmän,myndighet under riksdagen,jo.se,www.jo.se,
202100-2627,Riksdagsförvaltningen,myndighet under riksdagen,riksdagen.se,www.riksdagen.se/sv/sa-fungerar-riksdagen/riksdagsforvaltningen,delad domän
202100-5422,Riksrevisionen,myndighet under riksdagen,riksrevisionen.se,www.riksrevisionen.se,
202100-2684,Sveriges riksbank,myndighet under riksdagen,riksbank.se,www.riksbank.se,
202100-0795,Luftfartsverket,affärsverk,lfv.se,www.lfv.se,
202100-0654,Sjöfartsverket,affärsverk,sjofartsverket.se,www.sjofartsverket.se,
202100-4284,Svenska kraftnät,affärsverk,svk.se,www.svk.se,
